1,0.511982,0.402373,0.608297
2,0.497972,0.389371,0.592160
3,0.511146,0.386710,0.597311
4,0.500993,0.393340,0.590475
5,0.528650,0.430002,0.614614
6,0.498104,0.370185,0.588183
7,0.489472,0.394950,0.578329
8,0.477450,0.383292,0.563964
9,0.534027,0.433755,0.617240
10,0.502664,0.392541,0.592310
11,0.505229,0.397594,0.593039
12,0.488787,0.395068,0.571236
13,0.532630,0.429512,0.616224
14,0.543522,0.435285,0.625388
15,0.470789,0.364228,0.554111
16,0.518091,0.399231,0.599767
17,0.544636,0.430720,0.623323
18,0.472945,0.380359,0.547526
19,0.513302,0.398093,0.587258
20,0.481719,0.365227,0.562250
21,0.521142,0.416929,0.591000
22,0.473288,0.372125,0.541267
23,0.480072,0.352807,0.554898
24,0.450127,0.337689,0.524820
25,0.454179,0.337943,0.523575
26,0.459502,0.314712,0.538422
27,0.506183,0.396556,0.575065
28,0.449643,0.337740,0.521010
29,0.410751,0.270191,0.490017
30,0.468016,0.352234,0.540284
31,0.431712,0.271015,0.515083
32,0.377638,0.210850,0.463325
33,0.393019,0.257024,0.478129
34,0.370485,0.220313,0.458367
35,0.406516,0.265491,0.489893
36,0.359136,0.186816,0.445522
37,0.314219,0.141802,0.404632
38,0.340893,0.179967,0.435724
39,0.294078,0.124640,0.380485
40,0.421033,0.273456,0.501842
41,0.365317,0.201605,0.451057
42,0.307680,0.138283,0.399090
43,0.292941,0.126536,0.392517
44,0.368509,0.205938,0.454806
45,0.296924,0.135158,0.391108
46,0.344904,0.160983,0.433629
47,0.325671,0.143763,0.415093
48,0.255211,0.089671,0.346118
49,0.262368,0.101901,0.363419
50,0.229340,0.075269,0.320707
51,0.235223,0.082002,0.326817
52,0.249322,0.093259,0.348796
53,0.282889,0.129967,0.374723
54,0.245432,0.084805,0.336547
55,0.203289,0.058864,0.295081
56,0.241763,0.091418,0.342341
57,0.489559,0.375750,0.558990
58,0.339436,0.155551,0.429001
59,0.315919,0.140850,0.400454
60,0.519631,0.419450,0.594946
61,0.526984,0.422635,0.603657
62,0.531202,0.414460,0.600586
63,0.390876,0.231777,0.474721
64,0.339814,0.167520,0.420263
65,0.458269,0.313900,0.532629
66,0.296398,0.123283,0.388238
67,0.394444,0.235342,0.476175
68,0.365700,0.196478,0.449404
69,0.457397,0.324282,0.530925
70,0.343263,0.170293,0.429035
71,0.256143,0.095597,0.350791
72,0.236243,0.081906,0.331103
73,0.272741,0.104696,0.359923
74,0.312310,0.143125,0.399402
75,0.289196,0.120288,0.379750
76,0.307545,0.150530,0.394918
77,0.354271,0.197236,0.440531
78,0.261213,0.100079,0.350810
79,0.210621,0.066100,0.299770
80,0.268971,0.108698,0.358054
81,0.208268,0.065537,0.303345
82,0.184335,0.052564,0.274194
83,0.183436,0.054543,0.278502
84,0.244402,0.091680,0.341815
85,0.222759,0.078382,0.321333
86,0.211361,0.073960,0.308282
87,0.181329,0.048113,0.267258
88,0.273538,0.132730,0.366299
89,0.175665,0.049332,0.266263
90,0.286661,0.141370,0.379312
91,0.289862,0.134517,0.378534
92,0.208212,0.070319,0.298177
93,0.152254,0.038647,0.243431
94,0.156936,0.045049,0.245805
95,0.247162,0.098913,0.334436
96,0.241556,0.093765,0.326580
97,0.290465,0.119820,0.385690
98,0.213306,0.070732,0.309480
99,0.333612,0.166935,0.426458
100,0.191574,0.058612,0.287303
101,0.284531,0.121502,0.379817
102,0.242545,0.089963,0.340645
103,0.233409,0.082781,0.325111
104,0.234941,0.087243,0.329383
105,0.226966,0.080854,0.325160
106,0.194550,0.058905,0.290238
107,0.250254,0.100792,0.344625
108,0.197171,0.063490,0.288783
109,0.211658,0.074428,0.312566
110,0.263782,0.108773,0.354264
111,0.260509,0.108681,0.357410
112,0.166733,0.045829,0.260854
113,0.152318,0.040336,0.240440
114,0.156597,0.045154,0.248920
115,0.141877,0.040803,0.226073
116,0.231642,0.087402,0.324895
117,0.142469,0.035236,0.232117
118,0.198447,0.064722,0.288116
119,0.155079,0.040505,0.241264
120,0.194974,0.067912,0.289177
121,0.170832,0.048884,0.260103
122,0.146859,0.037321,0.236084
123,0.144511,0.035845,0.229501
124,0.187492,0.065262,0.280256
125,0.220861,0.080081,0.306326
126,0.174612,0.056977,0.272510
127,0.124571,0.031503,0.208945
128,0.264533,0.110975,0.358344
129,0.114641,0.025233,0.201721
130,0.236759,0.092089,0.329809
131,0.172028,0.058586,0.264471
132,0.185371,0.060789,0.271407
133,0.173632,0.050679,0.270184
134,0.154854,0.042657,0.250401
135,0.151923,0.041696,0.248502
136,0.297463,0.131829,0.393232
137,0.275203,0.111818,0.366107
138,0.226408,0.085314,0.320718
139,0.154649,0.041176,0.243186
140,0.221799,0.080988,0.324295
141,0.188564,0.059607,0.288350
142,0.149302,0.039105,0.240028
143,0.242674,0.094563,0.335969
144,0.126975,0.028688,0.211796
145,0.139973,0.039446,0.226812
146,0.168743,0.052757,0.255703
147,0.224880,0.085767,0.316874
148,0.158854,0.043325,0.257487
149,0.137479,0.033614,0.235221
150,0.124785,0.031569,0.211209
151,0.116496,0.025628,0.201465
152,0.206878,0.071859,0.305760
153,0.221353,0.078937,0.303878
154,0.226503,0.087009,0.317553
155,0.113553,0.024383,0.193260
156,0.113354,0.028825,0.193099
157,0.150199,0.043989,0.234045
158,0.212424,0.080246,0.302146
159,0.262812,0.106086,0.355585
160,0.234356,0.090309,0.326056
161,0.131755,0.031073,0.216693
162,0.106669,0.022760,0.190257
163,0.121553,0.027267,0.206433
164,0.117804,0.026073,0.195764
165,0.175361,0.056546,0.258029
166,0.106827,0.023944,0.187970
167,0.105233,0.023148,0.189011
168,0.242036,0.094439,0.334934
169,0.237981,0.087589,0.325415
170,0.173568,0.058583,0.269343
171,0.178741,0.064097,0.264192
172,0.095893,0.018206,0.169956
173,0.166141,0.057870,0.254522
174,0.166753,0.057366,0.260203
175,0.163167,0.056036,0.255204
176,0.277729,0.114491,0.373176
177,0.197964,0.063380,0.289632
178,0.217660,0.076345,0.319017
179,0.157818,0.045877,0.247537
180,0.205135,0.068669,0.306537
181,0.226022,0.080235,0.311393
182,0.193057,0.063266,0.295248
183,0.153967,0.039014,0.246064
184,0.142446,0.035855,0.236762
185,0.204367,0.073272,0.297089
186,0.117999,0.026037,0.204195
187,0.153912,0.041294,0.247438
188,0.243300,0.094740,0.336755
189,0.126340,0.029157,0.215731
190,0.142185,0.035151,0.232249
191,0.218402,0.081387,0.309629
192,0.224860,0.084781,0.315598
193,0.159069,0.043088,0.258519
194,0.124892,0.027050,0.206587
195,0.132777,0.032288,0.221253
196,0.179758,0.058121,0.265714
197,0.178068,0.061385,0.270561
198,0.117412,0.027023,0.206690
199,0.252196,0.096120,0.340106
200,0.257099,0.100007,0.348466
201,0.119648,0.030203,0.203226
202,0.133998,0.033154,0.222120
203,0.115377,0.024326,0.201935
204,0.102990,0.020426,0.178287
205,0.111639,0.023926,0.191499
206,0.171351,0.054319,0.245448
207,0.172845,0.059829,0.256899
208,0.108628,0.023203,0.194629
209,0.235289,0.085142,0.313696
210,0.247666,0.093688,0.328313
211,0.105600,0.024895,0.182573
212,0.236049,0.089213,0.317015
213,0.201571,0.063819,0.308078
214,0.152936,0.038713,0.249064
215,0.189341,0.061195,0.274750
216,0.142416,0.033810,0.228043
217,0.107980,0.023603,0.195870
218,0.250186,0.098080,0.335180
219,0.137594,0.033291,0.215111
220,0.145148,0.037516,0.237582
221,0.125249,0.028922,0.208819
222,0.128985,0.033858,0.209820
223,0.198782,0.067844,0.288074
224,0.224331,0.082478,0.306499
225,0.210260,0.074105,0.287057
226,0.176363,0.059329,0.263908
227,0.174394,0.060298,0.262387
228,0.113165,0.023157,0.189794
229,0.182314,0.064238,0.263453
230,0.217472,0.080931,0.298946
231,0.131853,0.031712,0.229097
232,0.111786,0.023215,0.205767
233,0.110881,0.024152,0.190717
234,0.093968,0.017382,0.169889
235,0.113588,0.023454,0.192763
236,0.239744,0.092387,0.323889
237,0.102466,0.019674,0.191315
238,0.103671,0.021548,0.186055
239,0.154057,0.045143,0.234217
240,0.223104,0.080357,0.308476
241,0.241463,0.092228,0.326666
242,0.122066,0.026823,0.204103
243,0.218688,0.079724,0.301192
244,0.218998,0.077740,0.294270
245,0.131933,0.034496,0.216158
246,0.140901,0.039019,0.216004
247,0.241925,0.090426,0.319989
248,0.180546,0.058921,0.256246
249,0.177980,0.054851,0.283685
250,0.187148,0.066034,0.269170
251,0.171894,0.056156,0.260228
252,0.103556,0.022025,0.185937
253,0.123648,0.027394,0.206675
254,0.180111,0.059933,0.268552
255,0.151971,0.040953,0.246312
256,0.116719,0.024552,0.192524
257,0.104183,0.024904,0.181137
258,0.247621,0.093181,0.329136
259,0.160595,0.055447,0.246521
260,0.210140,0.077577,0.289248
261,0.129376,0.030271,0.230050
262,0.107245,0.021866,0.203368
263,0.168385,0.059171,0.247057
264,0.117667,0.025045,0.199725
265,0.108548,0.022364,0.202038
266,0.148542,0.048882,0.231044
267,0.098757,0.019197,0.177138
268,0.149813,0.040305,0.249488
269,0.225327,0.084078,0.309598
270,0.246777,0.092248,0.328956
271,0.187736,0.064951,0.275236
272,0.141139,0.037227,0.223746
273,0.112704,0.024984,0.195888
274,0.104282,0.021782,0.187801
275,0.209586,0.073227,0.283914
276,0.097087,0.022306,0.175178
277,0.111651,0.023609,0.190358
278,0.112158,0.024838,0.193880
279,0.174274,0.060069,0.264579
280,0.102575,0.020995,0.177013
281,0.167392,0.046884,0.277738
282,0.170246,0.055074,0.247702
283,0.086412,0.016164,0.161383
284,0.227063,0.085661,0.309901
285,0.209385,0.077347,0.289284
286,0.133578,0.036717,0.211748
287,0.158083,0.050280,0.245777
288,0.233320,0.088011,0.316264
289,0.129781,0.030666,0.218952
290,0.240281,0.089907,0.321596
291,0.100059,0.020893,0.181507
292,0.120062,0.026517,0.225447
293,0.102586,0.020989,0.202142
294,0.200814,0.072154,0.284924
295,0.132553,0.030641,0.216429
296,0.212942,0.077775,0.294594
297,0.179361,0.061896,0.271137
298,0.241197,0.091742,0.325598
299,0.248477,0.093400,0.330284
300,0.120242,0.030845,0.200270
301,0.130293,0.030731,0.210047
302,0.225782,0.085950,0.307410
303,0.112384,0.027411,0.189098
304,0.154422,0.043471,0.253414
305,0.165486,0.056930,0.250247
306,0.157342,0.049576,0.246377
307,0.133822,0.031360,0.238753
308,0.232404,0.082982,0.311597
309,0.130611,0.030901,0.214114
310,0.152128,0.039498,0.262820
311,0.177258,0.057613,0.255234
312,0.116677,0.025433,0.209882
313,0.105443,0.021539,0.191590
314,0.138748,0.037600,0.218078
315,0.104442,0.020067,0.191682
316,0.152589,0.050218,0.238410
317,0.096802,0.018958,0.181810
318,0.098391,0.018582,0.175309
319,0.112226,0.025372,0.185017
320,0.195104,0.065049,0.268745
321,0.099657,0.020316,0.175221
322,0.096154,0.018821,0.171308
323,0.206882,0.077089,0.284898
324,0.114955,0.024860,0.216028
325,0.097186,0.018517,0.193131
326,0.152762,0.046195,0.228306
327,0.104942,0.020458,0.189849
328,0.117911,0.025283,0.195530
329,0.129876,0.030709,0.219812
330,0.154068,0.044309,0.234300
331,0.211187,0.077215,0.291188
332,0.253501,0.096163,0.333373
333,0.099450,0.019925,0.179818
334,0.132999,0.031914,0.227960
335,0.101105,0.024593,0.177661
336,0.179261,0.063542,0.260539
337,0.227939,0.080774,0.304889
338,0.128488,0.029415,0.235345
339,0.099384,0.024244,0.172719
340,0.107938,0.022811,0.192400
341,0.109647,0.022008,0.187668
342,0.209132,0.078420,0.287791
343,0.099537,0.018463,0.178828
344,0.151759,0.038882,0.264678
345,0.102856,0.019771,0.193970
346,0.091126,0.017237,0.166505
347,0.232839,0.087405,0.313711
348,0.220255,0.083702,0.301336
349,0.163416,0.055556,0.247459
350,0.154348,0.050524,0.240208
351,0.088001,0.016218,0.161732
352,0.077604,0.013966,0.151874
353,0.199745,0.069298,0.271308
354,0.103792,0.020935,0.202924
355,0.154291,0.052317,0.240114
356,0.139337,0.042839,0.223945
357,0.104745,0.020845,0.204842
358,0.089827,0.016141,0.183909
359,0.093446,0.016120,0.176348
360,0.086654,0.016312,0.159481
361,0.179218,0.062455,0.264989
362,0.242802,0.092305,0.326447
363,0.207100,0.075172,0.288865
364,0.141299,0.035286,0.235900
365,0.126666,0.028368,0.215079
366,0.164710,0.050049,0.245941
367,0.106889,0.020786,0.186861
368,0.120183,0.025418,0.194405
369,0.225809,0.085591,0.307429
370,0.174889,0.061324,0.255763
371,0.125853,0.029476,0.228725
372,0.155103,0.042016,0.269552
373,0.096496,0.018726,0.178779
374,0.172186,0.055664,0.248929
375,0.197440,0.066362,0.272086
376,0.119442,0.028451,0.195627
377,0.100274,0.020587,0.171784
378,0.205639,0.076254,0.284154
379,0.097696,0.019118,0.176614
380,0.167553,0.056327,0.255827
381,0.110286,0.028290,0.183882
382,0.152106,0.049612,0.237618
383,0.151562,0.047062,0.239191
384,0.092365,0.021000,0.166558
385,0.250076,0.094965,0.329000
386,0.108951,0.022153,0.205980
387,0.091014,0.016707,0.163160
388,0.223869,0.079365,0.301432
389,0.103904,0.021240,0.198799
390,0.107789,0.020147,0.191239
391,0.115604,0.025555,0.217701
392,0.095748,0.018917,0.192170
393,0.086145,0.015704,0.161931
394,0.159002,0.049737,0.232680
395,0.185122,0.060751,0.257540
396,0.094960,0.018744,0.168965
397,0.183344,0.058647,0.294901
398,0.234206,0.089904,0.325463
399,0.137319,0.033089,0.224599
400,0.125990,0.035878,0.206439
401,0.142735,0.034736,0.234807
402,0.115252,0.024759,0.196815
403,0.096007,0.020676,0.173921
404,0.200516,0.070962,0.287127
405,0.095552,0.020196,0.170695
406,0.199043,0.071106,0.281130
407,0.097145,0.019237,0.172630
408,0.257637,0.107040,0.337618
409,0.286690,0.120667,0.360174
410,0.171905,0.056136,0.259919
411,0.159735,0.054210,0.242527
412,0.131724,0.029309,0.212670
413,0.183127,0.058105,0.298883
414,0.102401,0.020975,0.186137
415,0.279517,0.114037,0.349564
416,0.225394,0.084140,0.301106
417,0.205680,0.075269,0.281210
418,0.115227,0.023220,0.204381
419,0.106201,0.029227,0.178560
420,0.134726,0.040989,0.210551
421,0.253831,0.099973,0.330035
422,0.123847,0.029046,0.226384
423,0.106490,0.020322,0.195979
424,0.103743,0.020509,0.199264
425,0.090663,0.015858,0.179272
426,0.130093,0.031808,0.232696
427,0.109512,0.022996,0.208764
428,0.110196,0.023981,0.207180
429,0.093458,0.017933,0.173339
430,0.248359,0.092317,0.321035
431,0.206568,0.076939,0.283380
432,0.164102,0.054464,0.238915
433,0.188579,0.069215,0.265554
434,0.101549,0.018845,0.186316
435,0.093677,0.024169,0.163877
436,0.084989,0.015718,0.161965
437,0.115723,0.032592,0.189779
438,0.238847,0.091177,0.316518
439,0.090249,0.016073,0.177741
440,0.089885,0.015243,0.173413
441,0.086699,0.014947,0.172171
442,0.193345,0.072020,0.275926
443,0.088999,0.014965,0.161796
444,0.184555,0.067417,0.266434
445,0.100729,0.025849,0.173831
446,0.084043,0.016693,0.156119
447,0.254348,0.097797,0.335904
448,0.082375,0.015759,0.156144
449,0.150861,0.049415,0.233968
450,0.150642,0.050771,0.232807
451,0.089320,0.015055,0.169434
452,0.080172,0.012901,0.162694
453,0.087223,0.015972,0.162111
454,0.084225,0.014729,0.156101
455,0.086438,0.016346,0.153693
456,0.073530,0.012586,0.140736
457,0.090422,0.016534,0.175206
458,0.202822,0.069997,0.277244
459,0.131549,0.030987,0.233731
460,0.153906,0.052682,0.237947
461,0.219991,0.083179,0.302330
462,0.102248,0.019360,0.196854
463,0.090338,0.015741,0.179846
464,0.151940,0.051749,0.221632
465,0.216542,0.081875,0.283100
466,0.101588,0.019891,0.191094
467,0.086082,0.014099,0.166949
468,0.148145,0.050940,0.213550
469,0.150412,0.045084,0.209487
470,0.173959,0.050909,0.283252
471,0.148604,0.037881,0.214001
472,0.116082,0.028333,0.177107
473,0.100944,0.019910,0.163943
474,0.197675,0.063151,0.312645
475,0.212634,0.075409,0.271297
476,0.097961,0.019626,0.156296
477,0.089252,0.016945,0.149776
478,0.106909,0.023266,0.189828
479,0.186438,0.066695,0.254234
480,0.110091,0.030338,0.165907
481,0.236308,0.085593,0.297474
482,0.137322,0.030860,0.224791
483,0.179410,0.060860,0.237225
484,0.174334,0.047254,0.287938
485,0.218581,0.083959,0.282087
486,0.238311,0.090978,0.304937
487,0.115255,0.022782,0.205189
488,0.243478,0.090240,0.305705
489,0.111140,0.027917,0.169930
490,0.115822,0.024373,0.179985
491,0.131257,0.032700,0.231395
492,0.157345,0.051738,0.223909
493,0.174350,0.062467,0.239163
494,0.095241,0.018913,0.157173
495,0.104649,0.019766,0.178857
496,0.191822,0.070781,0.254411
497,0.106017,0.020345,0.199320
498,0.135331,0.031662,0.244496
499,0.152410,0.044588,0.268789
500,0.196908,0.065201,0.313916
501,0.152397,0.038005,0.265588
502,0.141762,0.033093,0.252495
503,0.122025,0.026007,0.227600
504,0.108808,0.021252,0.211395
505,0.114279,0.024089,0.213288
506,0.244150,0.090904,0.304044
507,0.116368,0.026696,0.214302
508,0.123985,0.036023,0.181213
509,0.141389,0.041646,0.200686
510,0.104480,0.021672,0.205430
511,0.179041,0.061855,0.247362
512,0.234973,0.089558,0.298605
513,0.101240,0.021157,0.161995
514,0.122921,0.027289,0.191692
515,0.102903,0.019797,0.194131
516,0.105644,0.022083,0.165890
517,0.087944,0.020505,0.147267
518,0.106892,0.020046,0.197883
519,0.146188,0.048037,0.211527
520,0.167964,0.054074,0.225630
521,0.222539,0.085694,0.287778
522,0.111628,0.021497,0.196555
523,0.101684,0.018427,0.179328
524,0.143600,0.038055,0.250698
525,0.114994,0.023582,0.213716
526,0.096359,0.016330,0.183045
527,0.113612,0.024346,0.212520
528,0.156649,0.053576,0.226714
529,0.098665,0.018334,0.187014
530,0.241017,0.089316,0.302915
531,0.193055,0.071209,0.255246
532,0.098898,0.019031,0.156733
533,0.092764,0.017526,0.155338
534,0.104868,0.021533,0.201166
535,0.198908,0.074076,0.261353
536,0.088467,0.016211,0.152517
537,0.160595,0.056456,0.224204
538,0.126708,0.029155,0.196724
539,0.209115,0.071077,0.264536
540,0.102700,0.020206,0.166227
541,0.190572,0.066425,0.256825
542,0.149880,0.040048,0.257730
543,0.161715,0.044464,0.272627
544,0.116763,0.026372,0.210391
545,0.127967,0.029038,0.233398
546,0.115734,0.024000,0.216650
547,0.113112,0.023390,0.203705
548,0.086078,0.016030,0.145742
549,0.126845,0.028686,0.222256
550,0.096406,0.018292,0.188889
551,0.121045,0.028175,0.224504
552,0.110878,0.023998,0.171228
553,0.093361,0.016717,0.181731
554,0.176627,0.057618,0.233501
555,0.225962,0.086723,0.292629
556,0.094494,0.017796,0.184250
557,0.099638,0.020003,0.166220
558,0.096295,0.018621,0.152244
559,0.092719,0.019200,0.150342
560,0.129956,0.036719,0.188900
561,0.180382,0.064273,0.244583
562,0.091549,0.017530,0.155110
563,0.101517,0.018816,0.174004
564,0.245346,0.092805,0.304137
565,0.187900,0.065165,0.255055
566,0.093501,0.016689,0.175943
567,0.099723,0.020529,0.195876
568,0.248235,0.092562,0.311126
569,0.114721,0.031853,0.171366
570,0.213073,0.081539,0.276226
571,0.149255,0.047813,0.215168
572,0.099166,0.018516,0.182682
573,0.193638,0.065041,0.248449
574,0.088697,0.016771,0.147425
575,0.156560,0.053927,0.223254
576,0.111273,0.023050,0.206657
577,0.090690,0.016950,0.181087
578,0.150268,0.038274,0.253182
579,0.153881,0.052353,0.224141
580,0.115636,0.024082,0.213344
581,0.099051,0.023655,0.157572
582,0.230644,0.086963,0.296064
583,0.102074,0.019269,0.193316
584,0.191723,0.070197,0.253368
585,0.082901,0.014825,0.147832
586,0.152374,0.045547,0.255087
587,0.110033,0.024466,0.201574
588,0.191929,0.059540,0.292468
589,0.144481,0.035418,0.240441
590,0.179230,0.060701,0.237615
591,0.104066,0.019191,0.186289
592,0.191370,0.064312,0.249275
593,0.107745,0.021245,0.200087
594,0.238541,0.091933,0.303767
595,0.107931,0.020986,0.198229
596,0.208419,0.078908,0.271019
597,0.127307,0.035011,0.185242
598,0.121168,0.034062,0.176759
599,0.167197,0.057981,0.234384
600,0.103571,0.020039,0.188439
601,0.104563,0.021315,0.199140
602,0.154834,0.050910,0.225312
603,0.089933,0.016660,0.154897
604,0.090210,0.016525,0.181448
605,0.081649,0.015152,0.145850
606,0.152149,0.051283,0.222964
607,0.383164,0.245345,0.439526
608,0.183699,0.055097,0.284732
609,0.142091,0.034955,0.251059
610,0.207305,0.065228,0.325201
611,0.147159,0.039624,0.206660
612,0.165411,0.047701,0.263412
613,0.096208,0.019605,0.160869
614,0.461252,0.329027,0.513749
615,0.158377,0.040708,0.266903
616,0.112804,0.025959,0.171258
617,0.200154,0.060778,0.309100
618,0.437309,0.285760,0.490504
619,0.322702,0.166425,0.376851
620,0.149615,0.050971,0.203828
621,0.167959,0.045307,0.275680
622,0.127207,0.027175,0.227385
623,0.382412,0.222434,0.435551
624,0.130899,0.029486,0.192265
625,0.111359,0.025168,0.177550
626,0.122238,0.026493,0.222720
627,0.109795,0.027055,0.167626
628,0.143524,0.033661,0.243779
629,0.233731,0.091779,0.283614
630,0.279235,0.110582,0.338743
631,0.105596,0.019897,0.198487
632,0.218547,0.072440,0.328123
633,0.171646,0.049711,0.276513
634,0.123815,0.025773,0.220644
635,0.093554,0.019317,0.161373
636,0.219215,0.070110,0.332008
637,0.511737,0.409835,0.567185
638,0.522289,0.409269,0.571836
639,0.363953,0.229948,0.424951
640,0.432161,0.283575,0.483472
641,0.205370,0.068499,0.267368
642,0.353693,0.176211,0.402408
643,0.155598,0.040547,0.216226
644,0.205212,0.069561,0.303350
645,0.243683,0.084252,0.297089
646,0.207718,0.067627,0.322382
647,0.291223,0.129689,0.346410
648,0.163145,0.042696,0.280908
649,0.129862,0.033419,0.194834
650,0.215431,0.074401,0.268782
651,0.228491,0.076670,0.337720
652,0.165178,0.045368,0.276937
653,0.160033,0.042421,0.261091
654,0.152915,0.048121,0.216742
655,0.175647,0.050901,0.262891
656,0.133235,0.034923,0.199651
657,0.141108,0.035432,0.202651
658,0.137420,0.032175,0.230652
659,0.192055,0.056298,0.246998
660,0.181350,0.051529,0.288081
661,0.212684,0.071901,0.321809
662,0.142544,0.033357,0.247831
663,0.128202,0.027305,0.232456
664,0.132380,0.033418,0.193642
665,0.156757,0.040814,0.254603
666,0.232618,0.083880,0.286722
667,0.136172,0.033541,0.245475
668,0.111386,0.025969,0.180853
669,0.108391,0.023278,0.170837
670,0.129771,0.030033,0.196568
671,0.151123,0.058669,0.210202
672,0.156278,0.054633,0.215340
673,0.112119,0.022854,0.212613
674,0.117500,0.027795,0.173521
675,0.155436,0.044189,0.210220
676,0.228689,0.083685,0.332996
677,0.147901,0.040656,0.206886
678,0.206781,0.075541,0.305070
679,0.142651,0.036337,0.245112
680,0.158011,0.045939,0.251664
681,0.178668,0.051235,0.278086
682,0.146883,0.038057,0.238138
683,0.124318,0.028234,0.208444
684,0.146945,0.039389,0.206652
685,0.207305,0.065214,0.263991
686,0.125015,0.029510,0.222268
687,0.176436,0.056180,0.235267
688,0.119669,0.028683,0.180395
689,0.114345,0.025001,0.212313
690,0.153031,0.040018,0.258534
691,0.117830,0.024408,0.218782
692,0.102893,0.018723,0.198323
693,0.116555,0.024082,0.208342
694,0.109343,0.022741,0.173495
695,0.219273,0.080050,0.317454
696,0.223455,0.074236,0.291790
697,0.231989,0.080498,0.288249
698,0.208555,0.065002,0.323573
699,0.159087,0.047650,0.224473
700,0.156685,0.039402,0.269209
701,0.199614,0.071333,0.267533
702,0.222086,0.075528,0.280583
703,0.158535,0.039439,0.268779
704,0.157027,0.042267,0.224185
705,0.187997,0.060521,0.285590
706,0.160868,0.049587,0.225015
707,0.200466,0.062244,0.254020
708,0.196092,0.059805,0.303635
709,0.122759,0.033906,0.189815
710,0.183833,0.068758,0.251007
711,0.179121,0.056812,0.265558
712,0.197262,0.066632,0.273567
713,0.160171,0.046021,0.224055
714,0.157677,0.043144,0.225371
715,0.166836,0.048920,0.261812
716,0.225265,0.075089,0.327854
717,0.194404,0.063792,0.252021
718,0.182032,0.060991,0.242947
719,0.175218,0.058127,0.234121
720,0.213311,0.070307,0.322774
721,0.135388,0.036493,0.205310
722,0.153787,0.039903,0.256980
723,0.133785,0.036015,0.196325
724,0.241710,0.090266,0.296217
725,0.149056,0.041458,0.249339
726,0.218526,0.074638,0.331329
727,0.177069,0.064269,0.231808
728,0.256824,0.094620,0.350677
729,0.187425,0.058538,0.289542
730,0.124033,0.033887,0.183514
731,0.208847,0.065455,0.307692
732,0.156102,0.040717,0.248834
733,0.144705,0.036509,0.236168
734,0.143126,0.036606,0.234983
735,0.130848,0.031851,0.220645
736,0.109199,0.022931,0.188214
737,0.093549,0.017622,0.166488
738,0.134630,0.033706,0.221154
739,0.179287,0.052974,0.232980
740,0.226945,0.085682,0.278480
741,0.213020,0.072406,0.325239
742,0.137425,0.045469,0.193666
743,0.117825,0.027547,0.216110
744,0.147649,0.041332,0.216164
745,0.191815,0.068171,0.244404
746,0.164138,0.046334,0.262165
747,0.110652,0.030225,0.168698
748,0.166620,0.046372,0.278352
749,0.148380,0.039512,0.239680
750,0.104476,0.027881,0.164782
751,0.129992,0.030476,0.188894
752,0.093109,0.022101,0.151453
753,0.163672,0.049182,0.224249
754,0.153683,0.052460,0.204414
755,0.166130,0.045562,0.264302
756,0.163888,0.045810,0.218120
757,0.116934,0.026092,0.199105
758,0.210430,0.079830,0.309872
759,0.135444,0.030296,0.239646
760,0.103058,0.024505,0.162605
761,0.174139,0.048689,0.270704
762,0.105276,0.030868,0.159721
763,0.144573,0.035083,0.251691
764,0.095733,0.023109,0.155113
765,0.121997,0.025967,0.224987
766,0.186286,0.056268,0.291170
767,0.106970,0.024928,0.168817
768,0.125749,0.029823,0.207457
769,0.118909,0.024929,0.217059
770,0.131691,0.031451,0.227985
771,0.079515,0.015689,0.138466
772,0.101853,0.019837,0.193634
773,0.106753,0.022259,0.171217
774,0.161229,0.049752,0.264934
775,0.101340,0.020735,0.159376
776,0.098185,0.020438,0.163829
777,0.080580,0.017729,0.134001
778,0.233861,0.082324,0.336132
779,0.171533,0.053759,0.240460
780,0.161724,0.044280,0.232531
781,0.215163,0.071752,0.270588
782,0.200720,0.067760,0.303890
783,0.130507,0.033252,0.189910
784,0.160224,0.045110,0.264895
785,0.159585,0.043697,0.258689
786,0.192535,0.058824,0.295777
787,0.138455,0.035861,0.209462
788,0.163121,0.046716,0.269946
789,0.205216,0.060541,0.301315
790,0.141058,0.035855,0.238339
791,0.195822,0.059362,0.304456
792,0.126175,0.029110,0.226375
793,0.195166,0.072483,0.255870
794,0.146220,0.040575,0.240941
795,0.133101,0.033671,0.222091
796,0.134971,0.033505,0.225936
797,0.121038,0.027568,0.210368
798,0.147357,0.038131,0.240058
799,0.132403,0.030848,0.230807
800,0.155332,0.040785,0.247776
801,0.133136,0.036346,0.199329
802,0.118314,0.026122,0.216861
803,0.143953,0.036535,0.234683
804,0.111303,0.026866,0.194888
805,0.110133,0.022193,0.177552
806,0.130091,0.035285,0.194852
807,0.159385,0.043611,0.215410
808,0.114884,0.026191,0.183597
809,0.102917,0.023818,0.162993
810,0.100023,0.022283,0.166508
811,0.212523,0.078936,0.306283
812,0.101710,0.019075,0.160803
813,0.141669,0.033785,0.245333
814,0.119392,0.031912,0.186405
815,0.128781,0.030493,0.212189
816,0.094703,0.020466,0.160687
817,0.149406,0.042302,0.243179
818,0.124847,0.029537,0.224452
819,0.119603,0.031746,0.180101
820,0.165141,0.050031,0.264975
821,0.159722,0.043626,0.269661
822,0.122758,0.026373,0.226632
823,0.101041,0.024944,0.156413
824,0.111254,0.027026,0.163949
825,0.163984,0.062531,0.223691
826,0.203919,0.065865,0.307287
827,0.127389,0.028208,0.228008
828,0.126217,0.038116,0.185012
829,0.172776,0.054565,0.267608
830,0.146474,0.035156,0.242829
831,0.153539,0.040404,0.255945
832,0.149382,0.043675,0.209455
833,0.104606,0.021822,0.179600
834,0.113835,0.022916,0.190530
835,0.180499,0.059215,0.275734
836,0.118212,0.024757,0.188324
837,0.101042,0.027959,0.159781
838,0.094445,0.019293,0.155865
839,0.147989,0.045959,0.204688
840,0.137145,0.039843,0.225661
841,0.104500,0.028749,0.161306
842,0.097929,0.024016,0.161803
843,0.081014,0.019160,0.134885
844,0.108587,0.022434,0.200323
845,0.100624,0.018874,0.188977
846,0.122633,0.028842,0.202428
847,0.136736,0.032051,0.243915
848,0.140222,0.037488,0.196676
849,0.137092,0.032555,0.226361
850,0.108381,0.022080,0.203956
851,0.193167,0.061299,0.299983
852,0.160147,0.050818,0.262949
853,0.125165,0.031030,0.214706
854,0.115861,0.024398,0.212268
855,0.172868,0.051505,0.264735
856,0.096915,0.023005,0.156197
857,0.166882,0.055977,0.264468
858,0.137572,0.036263,0.227575
859,0.085911,0.017869,0.148162
860,0.151846,0.042731,0.250644
861,0.118657,0.025528,0.190276
862,0.121618,0.031502,0.209163
863,0.185339,0.057866,0.281670
864,0.140504,0.037864,0.232578
865,0.116294,0.027387,0.203161
866,0.108663,0.022525,0.172632
867,0.108809,0.024570,0.190153
868,0.096808,0.020273,0.173603
869,0.148102,0.035561,0.245968
870,0.125376,0.032384,0.179974
871,0.164992,0.059447,0.224708
872,0.094407,0.020794,0.163757
873,0.091442,0.018852,0.165321
874,0.092626,0.018189,0.159345
875,0.103432,0.019722,0.176071
876,0.122663,0.029603,0.180837
877,0.129219,0.041244,0.187556
878,0.105938,0.029938,0.168884
879,0.137378,0.033418,0.221104
880,0.088737,0.020896,0.144302
881,0.092103,0.022543,0.157663
882,0.106394,0.024205,0.183513
883,0.093022,0.016120,0.159511
884,0.110456,0.027299,0.181212
885,0.114829,0.026038,0.196035
886,0.101215,0.020588,0.158279
887,0.143556,0.038741,0.233818
888,0.079487,0.013931,0.140816
889,0.079654,0.018230,0.136137
890,0.136633,0.032547,0.241249
891,0.105050,0.020235,0.198785
892,0.075323,0.012661,0.135976
893,0.067484,0.011530,0.123035
894,0.095645,0.021645,0.172259
895,0.091476,0.017138,0.157965
896,0.104867,0.026439,0.170751
897,0.090720,0.021326,0.153906
898,0.108845,0.021463,0.209382
899,0.115808,0.023171,0.217173
900,0.131501,0.033327,0.223264
901,0.085843,0.017574,0.151103
902,0.087712,0.016282,0.155696
903,0.117123,0.034276,0.175327
904,0.092291,0.016098,0.161369
905,0.100190,0.019240,0.193502
906,0.083521,0.013595,0.169017
907,0.179324,0.050617,0.278869
908,0.155521,0.041754,0.253693
909,0.084757,0.013185,0.141424
910,0.136929,0.031510,0.234554
911,0.122970,0.030855,0.206033
912,0.128515,0.025972,0.184831
913,0.128340,0.033670,0.188206
914,0.082046,0.015123,0.140360
915,0.109229,0.021295,0.207548
916,0.100621,0.020012,0.177044
917,0.097981,0.025484,0.155396
918,0.093131,0.016060,0.167771
919,0.098529,0.020017,0.170060
920,0.101145,0.020008,0.178438
921,0.111020,0.018460,0.167086
922,0.120192,0.028730,0.200840
923,0.105326,0.018667,0.163623
924,0.097454,0.017173,0.185735
925,0.093504,0.017606,0.159416
926,0.079352,0.019151,0.130517
927,0.087761,0.015065,0.177704
928,0.100440,0.019784,0.195171
929,0.089450,0.017620,0.155320
930,0.093840,0.020834,0.166602
931,0.093841,0.019217,0.162253
932,0.101278,0.020164,0.176086
933,0.098573,0.015176,0.146922
934,0.158869,0.036321,0.213281
935,0.116433,0.020503,0.172724
936,0.101216,0.018109,0.196745
937,0.083819,0.018596,0.139844
938,0.127396,0.029436,0.210565
939,0.116520,0.029660,0.202902
940,0.099665,0.027011,0.152775
941,0.091060,0.013902,0.136760
942,0.099808,0.020665,0.175796
943,0.079413,0.013882,0.136519
944,0.135876,0.027514,0.190420
945,0.110822,0.019835,0.174641
946,0.078413,0.016071,0.142508
947,0.087120,0.011502,0.143520
948,0.082984,0.013082,0.166495
949,0.107751,0.029804,0.166369
950,0.086723,0.017325,0.155031
951,0.069847,0.012406,0.128300
952,0.101104,0.020831,0.173168
953,0.086237,0.015285,0.177580
954,0.095687,0.017326,0.167528
955,0.094379,0.016477,0.190277
956,0.081933,0.020154,0.131025
957,0.140356,0.032428,0.213781
958,0.071701,0.011940,0.129045
959,0.088980,0.015028,0.157631
960,0.109176,0.020381,0.189937
961,0.091982,0.018766,0.154837
962,0.084827,0.014917,0.141535
963,0.102842,0.023931,0.161693
964,0.097240,0.017527,0.192330
965,0.068481,0.010879,0.122867
966,0.079600,0.011607,0.135450
967,0.099263,0.019808,0.170396
968,0.091367,0.019634,0.163801
969,0.118658,0.024201,0.218278
970,0.220707,0.088401,0.279605
971,0.297354,0.130491,0.391640
972,0.179577,0.052554,0.280699
973,0.147973,0.043074,0.209491
974,0.160089,0.045552,0.261893
975,0.124383,0.028599,0.229495
976,0.185935,0.060240,0.290822
977,0.151029,0.042620,0.219898
978,0.143019,0.038354,0.217027
979,0.158071,0.045411,0.256160
980,0.106849,0.025799,0.169400
981,0.162511,0.042738,0.272752
982,0.180778,0.054761,0.283918
983,0.159039,0.044351,0.252459
984,0.136962,0.036752,0.205261
985,0.170287,0.045516,0.275528
986,0.107423,0.022935,0.177875
987,0.250424,0.098728,0.342560
988,0.185282,0.056785,0.258605
989,0.092371,0.021589,0.149036
990,0.143513,0.046825,0.202703
991,0.267327,0.094235,0.341594
992,0.197962,0.071328,0.288659
993,0.179971,0.054233,0.279521
994,0.150592,0.038332,0.230227
995,0.110230,0.023863,0.172751
996,0.132972,0.032881,0.233689
997,0.145616,0.035709,0.252461
998,0.110742,0.029820,0.174320
999,0.161076,0.040774,0.230305
1000,0.124954,0.027219,0.198340
1001,0.161065,0.040441,0.242311
1002,0.190559,0.052748,0.287623
1003,0.108530,0.026161,0.168590
1004,0.168161,0.046690,0.267530
1005,0.117299,0.024667,0.220943
1006,0.090229,0.017606,0.157072
1007,0.160795,0.044086,0.262606
1008,0.171388,0.047874,0.259212
1009,0.119126,0.024764,0.196937
1010,0.182009,0.052082,0.260331
1011,0.135796,0.036548,0.223112
1012,0.139124,0.041779,0.198158
1013,0.095568,0.023651,0.150296
1014,0.111827,0.020781,0.193875
1015,0.136066,0.031198,0.215236
1016,0.146080,0.035560,0.237251
1017,0.120494,0.037036,0.174903
1018,0.108796,0.023535,0.181723
1019,0.102137,0.020004,0.182524
1020,0.122498,0.026850,0.203275
1021,0.091914,0.022077,0.148987
1022,0.137642,0.029408,0.214874
1023,0.123995,0.025213,0.206409
1024,0.113142,0.021976,0.190140
1025,0.145114,0.038435,0.226042
1026,0.106066,0.021222,0.186058
1027,0.129004,0.030454,0.211649
1028,0.111038,0.029867,0.173546
1029,0.103910,0.026685,0.161699
1030,0.140097,0.032475,0.244365
1031,0.121696,0.025414,0.217462
1032,0.112091,0.019178,0.173540
1033,0.138848,0.032901,0.228987
1034,0.080174,0.014179,0.145743
1035,0.087870,0.021396,0.141138
1036,0.276210,0.103352,0.357088
1037,0.077512,0.014519,0.129261
1038,0.121909,0.025683,0.220513
1039,0.095867,0.017305,0.184862
1040,0.109124,0.020582,0.210290
1041,0.106875,0.021721,0.185638
1042,0.114199,0.024948,0.210641
1043,0.141945,0.035867,0.242011
1044,0.094835,0.024429,0.157544
1045,0.113983,0.025580,0.194253
1046,0.098436,0.017051,0.173390
1047,0.127942,0.026949,0.203761
1048,0.096343,0.016983,0.193010
1049,0.086031,0.019079,0.147324
1050,0.154370,0.035067,0.218945
1051,0.103366,0.018383,0.165874
1052,0.104002,0.019251,0.184844
1053,0.084473,0.014868,0.153902
1054,0.094118,0.015787,0.169274
1055,0.116377,0.027082,0.193569
1056,0.133736,0.034457,0.213550
1057,0.075834,0.012680,0.138194
1058,0.116354,0.027202,0.216402
1059,0.077491,0.015405,0.134302
1060,0.170134,0.048559,0.267004
1061,0.175190,0.051424,0.280162
1062,0.183350,0.057697,0.259054
1063,0.150089,0.043155,0.213167
1064,0.226818,0.080098,0.338413
1065,0.141839,0.036623,0.214834
1066,0.186010,0.056603,0.292414
1067,0.238133,0.080196,0.340126
1068,0.221901,0.082967,0.322925
1069,0.141109,0.031708,0.241245
1070,0.156923,0.045940,0.257592
1071,0.150463,0.041953,0.223058
1072,0.162007,0.042594,0.265125
1073,0.129053,0.027184,0.212335
1074,0.143265,0.035632,0.231391
1075,0.122564,0.030042,0.214334
1076,0.152869,0.043635,0.219015
1077,0.203577,0.076350,0.258400
1078,0.123444,0.028662,0.215077
1079,0.194968,0.060931,0.299732
1080,0.098676,0.021013,0.168124
1081,0.121060,0.029583,0.207693
1082,0.177087,0.046897,0.281685
1083,0.153884,0.046957,0.211357
1084,0.118436,0.025717,0.201656
1085,0.161523,0.045201,0.254620
1086,0.127754,0.028654,0.212528
1087,0.141175,0.038497,0.231495
1088,0.216458,0.073887,0.331621
1089,0.224560,0.073193,0.335889
1090,0.196306,0.058684,0.301748
1091,0.199138,0.071965,0.259594
1092,0.161429,0.049769,0.223700
1093,0.167949,0.049129,0.243438
1094,0.133486,0.037448,0.194770
1095,0.119010,0.024925,0.210002
1096,0.200111,0.064863,0.319212
1097,0.136644,0.035221,0.202755
1098,0.176212,0.046686,0.255069
1099,0.168407,0.049216,0.263281
1100,0.210654,0.064289,0.313301
1101,0.162150,0.046374,0.259019
1102,0.103762,0.025572,0.169359
1103,0.121953,0.023018,0.205876
1104,0.110981,0.029951,0.169521
1105,0.132142,0.042914,0.190364
1106,0.163169,0.042250,0.267921
1107,0.147202,0.036422,0.251353
1108,0.123255,0.026633,0.209200
1109,0.106212,0.020407,0.188833
1110,0.148944,0.038567,0.236418
1111,0.212171,0.084322,0.298224
1112,0.088200,0.020155,0.148127
1113,0.139726,0.032706,0.227937
1114,0.210902,0.068943,0.310018
1115,0.126785,0.030972,0.216301
1116,0.142899,0.034623,0.225699
1117,0.105382,0.024560,0.184582
1118,0.114873,0.025031,0.199471
1119,0.152682,0.037644,0.243221
1120,0.090991,0.021279,0.145289
1121,0.177273,0.051970,0.256350
1122,0.163882,0.044284,0.266869
1123,0.169570,0.048406,0.278579
1124,0.163906,0.050345,0.221716
1125,0.188885,0.055318,0.295671
1126,0.193260,0.063510,0.256847
1127,0.167173,0.044746,0.275723
1128,0.173217,0.054620,0.233391
1129,0.235153,0.102254,0.316667
1130,0.136806,0.034870,0.218718
1131,0.156297,0.045409,0.216114
1132,0.124965,0.035693,0.186646
1133,0.114926,0.025753,0.203482
1134,0.190917,0.068240,0.286511
1135,0.159027,0.042705,0.264305
1136,0.207877,0.068643,0.316032
1137,0.131230,0.029953,0.205453
1138,0.133836,0.032321,0.221135
1139,0.164323,0.051847,0.263279
1140,0.133668,0.032543,0.229776
1141,0.113109,0.022223,0.199209
1142,0.158532,0.041443,0.268047
1143,0.130284,0.032046,0.227142
1144,0.134954,0.031727,0.231437
1145,0.113217,0.032447,0.173432
1146,0.114564,0.025245,0.200640
1147,0.116748,0.034373,0.173426
1148,0.135011,0.031735,0.239377
1149,0.127501,0.030452,0.215304
1150,0.185577,0.055035,0.282972
1151,0.114873,0.024351,0.202122
1152,0.156380,0.043028,0.260375
1153,0.129097,0.041375,0.189555
1154,0.128194,0.030139,0.234309
1155,0.143456,0.036738,0.219936
1156,0.170264,0.055868,0.237466
1157,0.191129,0.058909,0.293695
1158,0.175191,0.048710,0.276755
1159,0.148951,0.039161,0.215735
1160,0.178561,0.052415,0.287407
1161,0.140027,0.036815,0.202925
1162,0.197502,0.059919,0.306377
1163,0.332284,0.190268,0.385495
1164,0.110021,0.023836,0.196755
1165,0.127421,0.031964,0.201587
1166,0.199704,0.062475,0.296155
1167,0.128687,0.033911,0.192193
1168,0.190021,0.058660,0.299013
1169,0.122384,0.025396,0.214354
1170,0.122796,0.029802,0.195684
1171,0.224635,0.087585,0.280335
1172,0.185139,0.058720,0.295523
1173,0.116623,0.024379,0.205871
1174,0.100720,0.020153,0.168031
1175,0.104341,0.022420,0.171015
1176,0.235629,0.098314,0.291633
1177,0.218682,0.079727,0.275358
1178,0.209801,0.070933,0.316593
1179,0.275039,0.106237,0.376130
1180,0.465136,0.343340,0.513577
1181,0.216820,0.072978,0.286954
1182,0.211089,0.068046,0.328075
1183,0.218860,0.071504,0.323010
1184,0.186683,0.052414,0.289384
1185,0.232888,0.078548,0.334763
1186,0.171087,0.048702,0.274124
1187,0.190028,0.054842,0.294498
1188,0.175215,0.060508,0.271680
1189,0.469450,0.347137,0.517370
1190,0.164591,0.043829,0.254460
1191,0.211551,0.067009,0.305567
1192,0.169089,0.046812,0.276793
1193,0.182670,0.053015,0.282608
1194,0.159065,0.041178,0.254646
1195,0.208361,0.071063,0.277817
1196,0.157779,0.040003,0.240708
1197,0.145586,0.037052,0.213016
1198,0.168628,0.046526,0.244626
1199,0.123034,0.028586,0.209498
1200,0.145576,0.034197,0.249248
1201,0.149081,0.038780,0.246501
1202,0.165012,0.045466,0.270328
1203,0.248400,0.079266,0.338489
1204,0.100960,0.024736,0.176006
1205,0.350832,0.195832,0.401180
1206,0.195772,0.058809,0.300338
1207,0.184766,0.055407,0.263441
1208,0.147088,0.037407,0.231506
1209,0.185350,0.055912,0.287271
1210,0.254130,0.100580,0.313208
1211,0.238673,0.085128,0.292458
1212,0.167598,0.047544,0.271222
1213,0.137486,0.033664,0.223332
1214,0.159047,0.041764,0.266112
1215,0.175473,0.048421,0.280767
1216,0.135233,0.037530,0.229592
1217,0.181105,0.053393,0.288373
1218,0.247422,0.095814,0.298354
1219,0.167783,0.048932,0.222680
1220,0.164925,0.049484,0.218402
1221,0.199982,0.063731,0.306182
1222,0.148293,0.039387,0.227510
1223,0.112427,0.030746,0.174168
1224,0.143232,0.039591,0.214728
1225,0.168772,0.045157,0.277384
1226,0.164992,0.044055,0.266230
1227,0.150329,0.037877,0.250209
1228,0.179047,0.054343,0.274962
1229,0.200313,0.060588,0.266857
1230,0.171681,0.052781,0.279149
1231,0.134849,0.033707,0.200630
1232,0.175913,0.048266,0.285215
1233,0.159046,0.042743,0.260414
1234,0.206284,0.063853,0.258486
1235,0.205327,0.066680,0.303719
1236,0.217590,0.073644,0.324977
1237,0.154417,0.046738,0.211814
1238,0.149299,0.038560,0.247510
1239,0.134171,0.034961,0.204723
1240,0.145880,0.040676,0.219175
1241,0.192151,0.066882,0.294026
1242,0.167954,0.051376,0.260595
1243,0.156552,0.039967,0.255182
1244,0.136804,0.032234,0.200067
1245,0.145469,0.032544,0.210547
1246,0.115162,0.028096,0.175500
1247,0.135976,0.034566,0.197515
1248,0.138852,0.034564,0.212752
1249,0.144351,0.039689,0.232778
1250,0.142161,0.033881,0.225668
1251,0.214161,0.068981,0.307617
1252,0.176496,0.050959,0.283474
1253,0.121266,0.032059,0.186307
1254,0.116897,0.029840,0.184867
1255,0.162063,0.042164,0.260351
1256,0.174609,0.048785,0.253811
1257,0.256239,0.099261,0.359119
1258,0.111898,0.024351,0.171996
1259,0.172628,0.049121,0.268140
1260,0.156332,0.040662,0.255691
1261,0.178032,0.054556,0.262224
1262,0.163581,0.044406,0.269956
1263,0.211821,0.070622,0.319230
1264,0.158322,0.038254,0.243803
1265,0.123661,0.023263,0.211414
1266,0.157357,0.042647,0.230197
1267,0.122404,0.029128,0.190318
1268,0.163040,0.045707,0.267427
1269,0.191253,0.059680,0.293610
1270,0.192561,0.060157,0.303242
1271,0.114775,0.025767,0.188587
1272,0.179233,0.052094,0.280152
1273,0.130251,0.029487,0.222595
1274,0.161117,0.043277,0.239284
1275,0.195970,0.056547,0.279002
1276,0.216180,0.069688,0.331537
1277,0.268453,0.097427,0.374511
1278,0.227125,0.078165,0.331569
1279,0.251598,0.085198,0.307236
1280,0.200648,0.065796,0.310915
1281,0.213422,0.066396,0.323056
1282,0.249599,0.088331,0.349343
1283,0.178491,0.050232,0.285173
1284,0.151852,0.037582,0.253276
1285,0.132603,0.032813,0.198724
1286,0.144242,0.032412,0.234826
1287,0.157580,0.045758,0.217245
1288,0.226329,0.075086,0.329269
1289,0.179020,0.050965,0.289016
1290,0.160352,0.043085,0.251002
1291,0.152717,0.044166,0.242315
1292,0.177249,0.050185,0.287891
1293,0.151625,0.040610,0.243030
1294,0.158375,0.046477,0.253320
1295,0.148115,0.043767,0.244629
1296,0.129734,0.025437,0.196255
1297,0.184634,0.049462,0.248818
1298,0.187305,0.058507,0.242943
1299,0.169119,0.045644,0.258406
1300,0.193315,0.057520,0.301913
1301,0.197490,0.063163,0.299664
1302,0.185356,0.054211,0.291751
1303,0.127955,0.033157,0.192796
1304,0.151406,0.041768,0.252885
1305,0.190395,0.064899,0.289250
1306,0.171204,0.042934,0.255641
1307,0.158674,0.041948,0.231232
1308,0.119052,0.028339,0.193303
1309,0.205283,0.061411,0.317519
1310,0.139190,0.036308,0.206466
1311,0.095195,0.019397,0.167823
1312,0.132277,0.030534,0.226805
1313,0.150250,0.040340,0.239212
1314,0.162395,0.043778,0.242775
1315,0.227452,0.074619,0.322994
1316,0.108855,0.021164,0.171535
1317,0.266485,0.097171,0.375945
1318,0.202656,0.060674,0.296281
1319,0.139884,0.029784,0.226599
1320,0.181164,0.048751,0.282459
1321,0.150429,0.038876,0.220211
1322,0.191979,0.057697,0.249101
1323,0.137141,0.034931,0.202337
1324,0.172241,0.046377,0.265927
1325,0.177399,0.064189,0.236056
1326,0.157458,0.039024,0.262388
1327,0.183802,0.050229,0.288986
1328,0.188179,0.054221,0.278081
1329,0.141819,0.033798,0.214764
1330,0.152027,0.037863,0.232594
1331,0.164740,0.046852,0.227915
1332,0.139415,0.033632,0.242426
1333,0.152705,0.035337,0.235849
1334,0.153244,0.039398,0.238027
1335,0.220959,0.072961,0.325296
1336,0.164798,0.042453,0.258394
1337,0.264143,0.104741,0.376794
1338,0.141304,0.033941,0.225913
1339,0.140981,0.037563,0.204808
1340,0.207070,0.061512,0.313296
1341,0.107881,0.031329,0.170419
1342,0.164449,0.042883,0.255674
1343,0.168074,0.047098,0.225200
1344,0.188476,0.062895,0.286690
1345,0.101328,0.024988,0.159234
1346,0.143383,0.034776,0.246912
1347,0.125203,0.024620,0.205791
1348,0.115797,0.026235,0.173751
1349,0.204760,0.066949,0.303151
1350,0.190096,0.054935,0.303494
1351,0.192051,0.056249,0.292081
1352,0.166097,0.045715,0.248603
1353,0.174111,0.052030,0.236703
1354,0.190275,0.058182,0.292009
1355,0.187246,0.053734,0.264833
1356,0.135257,0.031927,0.203697
1357,0.164996,0.048290,0.222699
1358,0.138158,0.029805,0.234558
1359,0.101647,0.020819,0.171917
1360,0.258214,0.104990,0.366739
1361,0.230757,0.077824,0.330946
1362,0.197416,0.066092,0.291349
1363,0.093268,0.017934,0.162469
1364,0.104371,0.025706,0.163789
1365,0.151585,0.039766,0.231548
1366,0.138511,0.032223,0.216554
1367,0.114736,0.027969,0.178168
1368,0.215633,0.068319,0.329136
1369,0.267925,0.088553,0.356840
1370,0.185647,0.054458,0.288270
1371,0.148110,0.034788,0.226381
1372,0.181775,0.064101,0.283234
1373,0.250551,0.109214,0.355298
1374,0.203257,0.066473,0.320762
1375,0.182863,0.056884,0.294457
1376,0.152962,0.041890,0.242686
1377,0.165052,0.046786,0.273518
1378,0.149278,0.038087,0.246976
1379,0.131305,0.030386,0.232314
1380,0.113724,0.023580,0.209470
1381,0.147406,0.035773,0.237911
1382,0.149976,0.037089,0.256206
1383,0.105891,0.025143,0.185242
1384,0.122352,0.030605,0.211176
1385,0.140952,0.035028,0.222077
1386,0.119593,0.023743,0.185503
1387,0.096694,0.022029,0.156555
1388,0.126799,0.030009,0.211815
1389,0.149511,0.035506,0.235802
1390,0.114812,0.030409,0.182623
1391,0.162226,0.045922,0.229616
1392,0.146451,0.036163,0.250659
1393,0.134846,0.033587,0.203980
1394,0.141897,0.035961,0.208700
1395,0.182771,0.050716,0.278657
1396,0.182708,0.050720,0.276625
1397,0.196454,0.068798,0.306979
1398,0.128012,0.032994,0.187028
1399,0.163507,0.044054,0.220591
1400,0.105108,0.023678,0.165250
1401,0.128116,0.030073,0.205630
1402,0.140294,0.033707,0.219356
1403,0.187647,0.056865,0.280552
1404,0.164898,0.048972,0.261915
1405,0.131499,0.028385,0.216954
1406,0.186956,0.060205,0.288809
1407,0.168661,0.045976,0.263992
1408,0.146398,0.040230,0.237591
1409,0.150658,0.039218,0.244853
1410,0.209051,0.065321,0.319574
1411,0.205674,0.064201,0.311012
1412,0.153545,0.039760,0.221482
1413,0.143745,0.033279,0.218052
1414,0.195878,0.059840,0.296857
1415,0.207425,0.068343,0.313618
1416,0.249946,0.089086,0.302218
1417,0.228093,0.095866,0.331612
1418,0.180402,0.050957,0.252358
1419,0.102910,0.025975,0.164784
1420,0.172470,0.051205,0.230400
1421,0.178490,0.047028,0.253562
1422,0.237621,0.088880,0.344196
1423,0.140302,0.035714,0.214192
1424,0.160216,0.041442,0.267131
1425,0.210572,0.073720,0.311324
1426,0.145652,0.035029,0.215905
1427,0.154839,0.037343,0.240458
1428,0.178141,0.053545,0.269666
1429,0.237454,0.081421,0.347074
1430,0.192778,0.060777,0.303616
1431,0.169213,0.044872,0.263389
1432,0.155970,0.038757,0.236433
1433,0.196909,0.060684,0.305098
1434,0.119128,0.024860,0.185032
1435,0.132905,0.029469,0.211469
1436,0.171612,0.049126,0.271944
1437,0.204535,0.060610,0.264587
1438,0.199867,0.060763,0.303275
1439,0.157084,0.041527,0.250065
1440,0.172081,0.052040,0.278553
1441,0.123635,0.025552,0.201422
1442,0.161457,0.042570,0.266528
1443,0.142816,0.041113,0.234885
1444,0.131551,0.035895,0.201523
1445,0.165514,0.041932,0.272057
1446,0.169694,0.048278,0.268280
1447,0.233165,0.087199,0.341083
1448,0.242447,0.077939,0.350046
1449,0.210159,0.064250,0.320221
1450,0.181525,0.053513,0.271442
1451,0.112158,0.027352,0.173903
1452,0.119532,0.027559,0.193582
1453,0.160358,0.041323,0.256330
1454,0.117319,0.022512,0.218951
1455,0.147826,0.034623,0.232197
1456,0.128246,0.027665,0.210569
1457,0.205723,0.064475,0.312518
1458,0.097065,0.020269,0.167022
1459,0.190108,0.061409,0.255234
1460,0.122313,0.025597,0.210117
1461,0.159819,0.044045,0.223256
1462,0.211648,0.065524,0.306549
1463,0.190812,0.055624,0.303578
1464,0.180344,0.048649,0.272857
1465,0.146194,0.033635,0.227929
1466,0.173137,0.053338,0.232743
1467,0.093151,0.019287,0.164225
1468,0.144753,0.035461,0.254357
1469,0.171693,0.053153,0.270351
1470,0.137818,0.035096,0.224626
1471,0.102913,0.024582,0.183710
1472,0.098293,0.019694,0.182470
1473,0.157984,0.036899,0.249038
1474,0.185420,0.054008,0.293776
1475,0.136856,0.036826,0.225807
1476,0.150577,0.035334,0.227267
1477,0.087867,0.020113,0.150229
1478,0.192543,0.059500,0.293621
1479,0.103596,0.023042,0.191147
1480,0.078004,0.015674,0.148973
1481,0.071788,0.013335,0.138949
1482,0.149815,0.038358,0.237522
1483,0.162230,0.039360,0.268782
1484,0.088258,0.019428,0.140566
1485,0.140995,0.036154,0.236610
1486,0.149957,0.037592,0.230137
1487,0.201817,0.064200,0.309160
1488,0.132892,0.030894,0.208931
1489,0.186951,0.054769,0.296348
1490,0.197735,0.065406,0.310265
1491,0.110051,0.027665,0.174000
1492,0.126815,0.031369,0.219010
1493,0.101703,0.021555,0.174355
1494,0.115830,0.030955,0.194875
1495,0.148540,0.038840,0.242512
1496,0.192101,0.055214,0.308050
1497,0.122463,0.034214,0.208441
1498,0.192646,0.069041,0.298118
1499,0.092645,0.018020,0.164043
1500,0.198104,0.060894,0.299344
1501,0.159786,0.040158,0.240886
1502,0.179221,0.050135,0.285490
1503,0.151013,0.036954,0.233809
1504,0.150272,0.037934,0.236081
1505,0.183166,0.058637,0.280625
1506,0.129837,0.032023,0.211826
1507,0.183815,0.053509,0.293728
1508,0.177377,0.050311,0.284012
1509,0.169683,0.042841,0.235383
1510,0.116627,0.027612,0.192063
1511,0.194631,0.064196,0.297085
1512,0.157886,0.040537,0.252128
1513,0.135482,0.029814,0.196271
1514,0.161343,0.041940,0.267162
1515,0.155651,0.043117,0.216494
1516,0.180197,0.055747,0.278158
1517,0.170151,0.043873,0.251936
1518,0.203398,0.064340,0.313571
1519,0.132642,0.031858,0.201488
1520,0.121267,0.028755,0.182595
1521,0.142615,0.036862,0.233512
1522,0.107608,0.024640,0.170030
1523,0.160573,0.050957,0.226701
1524,0.118745,0.027544,0.180867
1525,0.162974,0.048193,0.253926
1526,0.127032,0.029268,0.196259
1527,0.143373,0.035259,0.235522
1528,0.164003,0.045312,0.255208
1529,0.170620,0.042211,0.245488
1530,0.147311,0.041448,0.210823
1531,0.172868,0.048842,0.260816
1532,0.151241,0.040021,0.240262
1533,0.121631,0.031715,0.205901
1534,0.193226,0.056739,0.304072
1535,0.151504,0.041937,0.242574
1536,0.145612,0.035844,0.231676
1537,0.117789,0.029428,0.180107
1538,0.203723,0.060863,0.306390
1539,0.150724,0.042173,0.243261
1540,0.145814,0.035602,0.241925
1541,0.133426,0.035620,0.219608
1542,0.112872,0.024301,0.179303
1543,0.132473,0.032183,0.213173
1544,0.155154,0.038122,0.240125
1545,0.108572,0.026652,0.173906
1546,0.188552,0.061386,0.273737
1547,0.118212,0.028153,0.206273
1548,0.191864,0.061877,0.299565
1549,0.121987,0.026270,0.205803
1550,0.163566,0.044947,0.265171
1551,0.134397,0.031218,0.219531
1552,0.153343,0.042882,0.251350
1553,0.223898,0.070285,0.334450
1554,0.171975,0.049759,0.284892
1555,0.129813,0.026778,0.214713
1556,0.195510,0.062549,0.301600
1557,0.122554,0.023926,0.211208
1558,0.128628,0.029013,0.226986
1559,0.160215,0.047369,0.222373
1560,0.115066,0.022678,0.197478
1561,0.131240,0.030383,0.223679
1562,0.118230,0.030955,0.183364
1563,0.193633,0.058575,0.291156
1564,0.146302,0.034697,0.231321
1565,0.099750,0.018000,0.180996
1566,0.156839,0.045704,0.247330
1567,0.140066,0.031627,0.215920
1568,0.154117,0.039858,0.247812
1569,0.120631,0.032089,0.181989
1570,0.188036,0.053218,0.299559
1571,0.102747,0.025804,0.163556
1572,0.124157,0.027939,0.193326
1573,0.111194,0.020551,0.179743
1574,0.144463,0.035888,0.252204
1575,0.082060,0.017307,0.147622
1576,0.124110,0.026802,0.217160
1577,0.110468,0.022309,0.191109
1578,0.139725,0.032318,0.225008
1579,0.113057,0.021997,0.205891
1580,0.114014,0.024120,0.207796
1581,0.092526,0.021191,0.149831
1582,0.159417,0.042400,0.256722
1583,0.157405,0.042534,0.250105
1584,0.136139,0.035302,0.200436
1585,0.157064,0.043911,0.252968
1586,0.140491,0.033179,0.233690
1587,0.119158,0.024746,0.208312
1588,0.133349,0.033179,0.197305
1589,0.132525,0.029459,0.220088
1590,0.150628,0.035164,0.233783
1591,0.115864,0.022785,0.203239
1592,0.105425,0.018699,0.187638
1593,0.101305,0.017909,0.174888
1594,0.145164,0.035429,0.219792
1595,0.174862,0.047767,0.283273
1596,0.100460,0.025563,0.165301
1597,0.138609,0.032513,0.216273
1598,0.157516,0.039098,0.234756
1599,0.129104,0.030863,0.204393
1600,0.126076,0.034204,0.183943
1601,0.118699,0.023894,0.183559
1602,0.169740,0.047545,0.259245
1603,0.160926,0.040652,0.244491
1604,0.160406,0.048158,0.224864
1605,0.106049,0.024765,0.168876
1606,0.157928,0.043085,0.262089
1607,0.125262,0.026757,0.199961
1608,0.198734,0.057690,0.308520
1609,0.154311,0.040824,0.261226
1610,0.127000,0.031126,0.192817
1611,0.204191,0.062715,0.298891
1612,0.181010,0.050427,0.292879
1613,0.185430,0.052653,0.295720
1614,0.121202,0.021901,0.192946
1615,0.176935,0.049038,0.281048
1616,0.156746,0.040801,0.241518
1617,0.141056,0.035691,0.226972
1618,0.134550,0.032679,0.222642
1619,0.127464,0.031199,0.208867
1620,0.189951,0.055435,0.291099
1621,0.120474,0.033092,0.207199
1622,0.131029,0.030372,0.223535
1623,0.156241,0.045720,0.248552
1624,0.116914,0.026883,0.197124
1625,0.175644,0.049692,0.271586
1626,0.086817,0.019613,0.146947
1627,0.085326,0.018042,0.145967
1628,0.168937,0.045326,0.277013
1629,0.177466,0.045934,0.254950
1630,0.139984,0.035726,0.223864
1631,0.116084,0.026018,0.194321
1632,0.139785,0.033986,0.236166
1633,0.144032,0.033376,0.227378
1634,0.143635,0.034025,0.230101
1635,0.184460,0.055401,0.289481
1636,0.129143,0.028805,0.230225
1637,0.172698,0.049020,0.270874
1638,0.127199,0.028735,0.213585
1639,0.105790,0.027432,0.164791
1640,0.190228,0.058926,0.295279
1641,0.120135,0.025280,0.210029
1642,0.117457,0.028657,0.181389
1643,0.091327,0.020361,0.149086
1644,0.123800,0.026338,0.205079
1645,0.160572,0.041024,0.267741
1646,0.101890,0.021445,0.164539
1647,0.171501,0.045537,0.278501
1648,0.146385,0.034368,0.199359
1649,0.124656,0.029305,0.207360
1650,0.133542,0.030405,0.219239
1651,0.179830,0.049196,0.293194
1652,0.130655,0.029183,0.215596
1653,0.113456,0.028441,0.180270
1654,0.136926,0.030520,0.222580
1655,0.106033,0.022058,0.176893
1656,0.123605,0.034509,0.206506
1657,0.112405,0.023976,0.187912
1658,0.104815,0.024494,0.186106
1659,0.088374,0.016070,0.159393
1660,0.125908,0.028015,0.208021
1661,0.125019,0.025574,0.203665
1662,0.104984,0.019011,0.164799
1663,0.112693,0.025545,0.199941
1664,0.148822,0.036541,0.250218
1665,0.106312,0.023259,0.172366
1666,0.081796,0.014533,0.145838
1667,0.104423,0.024894,0.161301
1668,0.107204,0.021602,0.183135
1669,0.110970,0.025468,0.191892
1670,0.128967,0.026804,0.211858
1671,0.121573,0.024547,0.208427
1672,0.123828,0.026503,0.216884
1673,0.125181,0.028710,0.214153
1674,0.149688,0.034829,0.229406
1675,0.086998,0.020041,0.145656
1676,0.096991,0.022009,0.175254
1677,0.177136,0.051892,0.284376
1678,0.124636,0.023373,0.165925
1679,0.113661,0.022885,0.188891
1680,0.094110,0.023767,0.145811
1681,0.149015,0.036222,0.233629
1682,0.103330,0.016511,0.156654
1683,0.160065,0.042965,0.257603
1684,0.115778,0.022013,0.186068
1685,0.114814,0.022426,0.198114
1686,0.155050,0.040599,0.264247
1687,0.149043,0.032450,0.194438
1688,0.174375,0.049733,0.273848
1689,0.128144,0.028298,0.206480
1690,0.147057,0.034554,0.202170
1691,0.195467,0.059621,0.295539
1692,0.092517,0.021630,0.146063
1693,0.119447,0.031832,0.201712
1694,0.079322,0.014354,0.134422
1695,0.139040,0.030475,0.198352
1696,0.091954,0.018238,0.153363
1697,0.104971,0.018811,0.183699
1698,0.123407,0.026086,0.204772
1699,0.108422,0.018204,0.169580
1700,0.108332,0.026217,0.189618
1701,0.110651,0.020061,0.188470
1702,0.146021,0.037803,0.244192
1703,0.148916,0.037282,0.248756
1704,0.116682,0.022027,0.199369
1705,0.142628,0.036400,0.245603
1706,0.111894,0.021672,0.198020
1707,0.108325,0.019782,0.193994
1708,0.102393,0.017668,0.185185
1709,0.092765,0.014738,0.169342
1710,0.090451,0.014613,0.166530
1711,0.082586,0.012151,0.158393
1712,0.105309,0.021750,0.177934
1713,0.140573,0.035421,0.233954
1714,0.089301,0.013780,0.158859
1715,0.129524,0.027279,0.215013
1716,0.105603,0.018734,0.166155
1717,0.091333,0.017316,0.165674
1718,0.164626,0.047460,0.256875
1719,0.101408,0.017721,0.176411
1720,0.069598,0.012617,0.127251
1721,0.100370,0.017828,0.168562
1722,0.111655,0.020476,0.191067
1723,0.129556,0.028353,0.228366
1724,0.124732,0.026188,0.213265
1725,0.101700,0.017813,0.171373
1726,0.112290,0.022235,0.195242
1727,0.077127,0.015620,0.134826
1728,0.113358,0.021684,0.190728
1729,0.076159,0.012696,0.139249
1730,0.076556,0.013692,0.132044
1731,0.085651,0.017660,0.154606
1732,0.085197,0.015156,0.154601
1733,0.091707,0.017981,0.153789
1734,0.074072,0.011874,0.141029
1735,0.160792,0.042648,0.251259
1736,0.091437,0.016164,0.161603
1737,0.113759,0.025120,0.189833
1738,0.099752,0.021917,0.159488
1739,0.092741,0.016041,0.163530
1740,0.102426,0.018146,0.172768
1741,0.099285,0.016646,0.173154
1742,0.079232,0.011556,0.136808
1743,0.074324,0.011468,0.139896
1744,0.098473,0.016604,0.170862
1745,0.087967,0.017041,0.164445
1746,0.096776,0.014955,0.151255
1747,0.132490,0.031082,0.226941
1748,0.064257,0.010514,0.117806
1749,0.096719,0.016928,0.172942
1750,0.100408,0.017397,0.183831
1751,0.074288,0.013321,0.132486
1752,0.063803,0.009578,0.123542
1753,0.077975,0.013902,0.128291
1754,0.102214,0.017422,0.157360
1755,0.088779,0.015974,0.155826
1756,0.085816,0.016299,0.158878
1757,0.103829,0.017789,0.186197
1758,0.075303,0.012246,0.131635
1759,0.064041,0.011166,0.114498
1760,0.094850,0.020127,0.171346
1761,0.108722,0.019063,0.179204
1762,0.100182,0.017859,0.184720
1763,0.138290,0.036958,0.226733
1764,0.086243,0.013670,0.162437
1765,0.100375,0.020514,0.186187
1766,0.097296,0.017108,0.175232
1767,0.087848,0.016370,0.156833
1768,0.105166,0.019265,0.185216
1769,0.063606,0.010159,0.118138
1770,0.109467,0.021534,0.191404
1771,0.076923,0.014795,0.142909
1772,0.131911,0.033135,0.225253
1773,0.074849,0.013580,0.137925
1774,0.104728,0.021713,0.179700
1775,0.142493,0.035369,0.245356
1776,0.094106,0.013764,0.143912
1777,0.089992,0.015148,0.160496
1778,0.070570,0.013116,0.116591
1779,0.104558,0.021737,0.182035
1780,0.101314,0.018260,0.182127
1781,0.091312,0.013302,0.138186
1782,0.072198,0.014322,0.123105
1783,0.135234,0.031119,0.225079
1784,0.086794,0.013685,0.154217
1785,0.089509,0.014793,0.169150
1786,0.139471,0.034295,0.230068
1787,0.086518,0.018173,0.155329
1788,0.100487,0.020185,0.194269
1789,0.103787,0.017339,0.159122
1790,0.116686,0.026843,0.201738
1791,0.063588,0.010438,0.114210
1792,0.121078,0.028598,0.205544
1793,0.098673,0.017063,0.172046
1794,0.110386,0.021408,0.167940
1795,0.136932,0.031562,0.219547
1796,0.130825,0.030664,0.222941
1797,0.063830,0.009689,0.112864
1798,0.099487,0.021848,0.176579
1799,0.115671,0.022887,0.187745
1800,0.059238,0.008822,0.107784
1801,0.100836,0.018031,0.164391
1802,0.064937,0.011549,0.117124
1803,0.071575,0.010839,0.131168
1804,0.125914,0.027641,0.222244
1805,0.092392,0.018947,0.160595
1806,0.063624,0.011271,0.119081
1807,0.084816,0.013409,0.160982
1808,0.099072,0.017073,0.176746
1809,0.106994,0.019416,0.180011
1810,0.085004,0.011982,0.140147
1811,0.082287,0.016383,0.154037
1812,0.088689,0.014006,0.162916
1813,0.115018,0.024995,0.202909
1814,0.118994,0.025247,0.196947
1815,0.104307,0.018476,0.164885
1816,0.075349,0.012918,0.133278
1817,0.125177,0.028169,0.213861
1818,0.086494,0.013030,0.158454
1819,0.099932,0.019326,0.187273
1820,0.140423,0.037509,0.235752
1821,0.091959,0.015214,0.169917
1822,0.083915,0.013111,0.153329
1823,0.082909,0.012390,0.155127
1824,0.082853,0.014205,0.145538
1825,0.112893,0.025735,0.196246
1826,0.082330,0.011911,0.148512
1827,0.110103,0.020506,0.194918
1828,0.082318,0.012472,0.142662
1829,0.079530,0.013732,0.148601
1830,0.124149,0.027902,0.207410
1831,0.083420,0.012454,0.152062
1832,0.053641,0.007270,0.103772
1833,0.086810,0.013759,0.150277
1834,0.087807,0.014365,0.162840
1835,0.099842,0.018350,0.186420
1836,0.111167,0.021452,0.196672
1837,0.080587,0.012635,0.146335
1838,0.089255,0.015153,0.165071
1839,0.059788,0.010017,0.112383
1840,0.098220,0.017066,0.174714
1841,0.066238,0.009885,0.126574
1842,0.063220,0.009756,0.114296
1843,0.072963,0.013032,0.135987
1844,0.075844,0.012350,0.144290
1845,0.084191,0.015273,0.143918
1846,0.065793,0.009774,0.130886
1847,0.124712,0.029235,0.208410
1848,0.076058,0.011997,0.141393
1849,0.088309,0.015738,0.156273
1850,0.068146,0.012063,0.119762
1851,0.085172,0.013713,0.155881
1852,0.086707,0.013670,0.154622
1853,0.084353,0.012753,0.156535
1854,0.068906,0.008938,0.125204
1855,0.065805,0.009328,0.128314
1856,0.080813,0.012107,0.151234
1857,0.075789,0.013267,0.146490
1858,0.084839,0.012006,0.138001
1859,0.116360,0.024734,0.206980
1860,0.050390,0.006675,0.098325
1861,0.078117,0.012170,0.150068
1862,0.084761,0.013068,0.160776
1863,0.057459,0.008727,0.109436
1864,0.059475,0.008084,0.116912
1865,0.071309,0.011823,0.117492
1866,0.077021,0.011136,0.131787
1867,0.073104,0.011759,0.133880
1868,0.076513,0.012837,0.142026
1869,0.089278,0.014179,0.170044
1870,0.066808,0.009999,0.120739
1871,0.055994,0.008352,0.101126
1872,0.082853,0.015541,0.153493
1873,0.085310,0.012622,0.152221
1874,0.090247,0.014758,0.172661
1875,0.110303,0.025526,0.192022
1876,0.078785,0.011863,0.151772
1877,0.090934,0.016879,0.173885
1878,0.083614,0.013337,0.160730
1879,0.070349,0.010703,0.131851
1880,0.097474,0.016915,0.174316
1881,0.054719,0.007898,0.106494
1882,0.093313,0.016138,0.173848
1883,0.073271,0.013295,0.136722
1884,0.099236,0.020655,0.178580
1885,0.064575,0.010401,0.122571
1886,0.087690,0.015544,0.158970
1887,0.126153,0.029567,0.212213
1888,0.080812,0.010575,0.129211
1889,0.081574,0.012865,0.148802
1890,0.061139,0.009996,0.104858
1891,0.083712,0.015713,0.154177
1892,0.091810,0.015726,0.167376
1893,0.089937,0.012679,0.134306
1894,0.061785,0.009675,0.108846
1895,0.118198,0.025236,0.200137
1896,0.077358,0.011494,0.143687
1897,0.079552,0.012300,0.156761
1898,0.117351,0.025758,0.207789
1899,0.076890,0.014450,0.140643
1900,0.083603,0.015178,0.165498
1901,0.095491,0.014340,0.150592
1902,0.094744,0.019160,0.168117
1903,0.051675,0.007029,0.097429
1904,0.099621,0.020223,0.172921
1905,0.084484,0.012944,0.152875
1906,0.096481,0.017008,0.153150
1907,0.110841,0.021790,0.188379
1908,0.102435,0.020729,0.184321
1909,0.051841,0.006562,0.096552
1910,0.080389,0.015645,0.151540
1911,0.098634,0.017337,0.168861
1912,0.053356,0.007431,0.100513
1913,0.099111,0.016886,0.157041
1914,0.055795,0.008820,0.104802
1915,0.059955,0.008367,0.116243
1916,0.095501,0.017612,0.179880
1917,0.075765,0.013087,0.139174
1918,0.056606,0.009402,0.107619
1919,0.081151,0.012282,0.155179
1920,0.093192,0.014883,0.163225
1921,0.085865,0.013119,0.158450
1922,0.073082,0.009296,0.125344
1923,0.073351,0.013549,0.140047
1924,0.078956,0.011717,0.151370
1925,0.100317,0.019717,0.183869
1926,0.103728,0.019818,0.179544
1927,0.091426,0.014788,0.149071
1928,0.059954,0.009172,0.111657
1929,0.100721,0.019574,0.178147
1930,0.080093,0.011522,0.147923
1931,0.086101,0.014900,0.164631
1932,0.120531,0.029724,0.209645
1933,0.099914,0.022329,0.187564
1934,0.085795,0.013311,0.158067
1935,0.078431,0.011602,0.144303
1936,0.076175,0.012144,0.135691
1937,0.100416,0.021707,0.178591
1938,0.077347,0.010745,0.146341
1939,0.099391,0.017873,0.182615
1940,0.074248,0.010491,0.131129
1941,0.075513,0.012484,0.142339
1942,0.103202,0.021085,0.180128
1943,0.081876,0.012017,0.144884
1944,0.050395,0.006356,0.096774
1945,0.071128,0.010542,0.133374
1946,0.077821,0.011564,0.150350
1947,0.088019,0.014972,0.167141
1948,0.113946,0.021883,0.197019
1949,0.084499,0.012271,0.145897
1950,0.077712,0.012705,0.147299
1951,0.053155,0.008264,0.102940
1952,0.107423,0.019440,0.175774
1953,0.063375,0.008905,0.121975
1954,0.058367,0.008159,0.107569
1955,0.067082,0.011284,0.126769
1956,0.071169,0.011166,0.137690
1957,0.081162,0.014294,0.140501
1958,0.062366,0.008924,0.125804
1959,0.108185,0.023545,0.187891
1960,0.070165,0.010616,0.132609
1961,0.077506,0.012946,0.133016
1962,0.060448,0.009799,0.110361
1963,0.074926,0.011289,0.141031
1964,0.079439,0.011948,0.145551
1965,0.076313,0.010722,0.145329
1966,0.066009,0.008156,0.121009
1967,0.060624,0.008187,0.120905
1968,0.073911,0.010390,0.142833
1969,0.071845,0.011935,0.140209
1970,0.074282,0.009961,0.129569
1971,0.099640,0.019747,0.186209
1972,0.046079,0.005713,0.091060
1973,0.074325,0.011126,0.143485
1974,0.080587,0.012125,0.149264
1975,0.051561,0.007230,0.099881
1976,0.058197,0.007732,0.113807
1977,0.067857,0.010803,0.112878
1978,0.073778,0.010033,0.124361
1979,0.064282,0.009798,0.119772
1980,0.065180,0.010280,0.126236
1981,0.085949,0.013329,0.163857
1982,0.061061,0.008549,0.112875
1983,0.050479,0.006957,0.093797
1984,0.077894,0.014455,0.144906
1985,0.072283,0.009732,0.137034
1986,0.087569,0.014177,0.167294
1987,0.101331,0.021697,0.167272
1988,0.079221,0.011726,0.150830
1989,0.086754,0.015842,0.160418
1990,0.075364,0.011205,0.150812
1991,0.069110,0.009983,0.126083
1992,0.087160,0.013897,0.164491
1993,0.051088,0.006936,0.101298
1994,0.084550,0.013311,0.161785
1995,0.069167,0.012129,0.131299
1996,0.083824,0.015651,0.155540
1997,0.061900,0.009383,0.118656
1998,0.080309,0.013316,0.147624
1999,0.114350,0.025428,0.200539
2000,0.089202,0.012217,0.127849
2001,0.073719,0.010828,0.137933
2002,0.055883,0.008611,0.098040
2003,0.074347,0.013137,0.139461
2004,0.085354,0.014348,0.155924
2005,0.082596,0.011022,0.128402
2006,0.051493,0.007014,0.094902
2007,0.109736,0.021726,0.194797
2008,0.073899,0.010727,0.139144
2009,0.076532,0.011513,0.151588
2010,0.108514,0.022705,0.196778
2011,0.073375,0.013233,0.134558
2012,0.076720,0.013204,0.151537
2013,0.085076,0.012680,0.136044
2014,0.083685,0.015928,0.152626
2015,0.047513,0.005966,0.091582
2016,0.093110,0.017878,0.171826
2017,0.074988,0.010543,0.141025
2018,0.074065,0.010699,0.134362
2019,0.092530,0.016217,0.169724
2020,0.088179,0.016677,0.163308
2021,0.047892,0.005741,0.090498
2022,0.074056,0.013414,0.141006
2023,0.090296,0.014950,0.161860
2024,0.050593,0.006771,0.096979
2025,0.093006,0.014797,0.151137
2026,0.052568,0.007847,0.100167
2027,0.055777,0.007387,0.110267
2028,0.085273,0.014688,0.163447
2029,0.071065,0.011151,0.132232
2030,0.053875,0.008679,0.102790
2031,0.071999,0.010162,0.144086
2032,0.078501,0.011359,0.146436
2033,0.086779,0.013788,0.152803
2034,0.064590,0.007876,0.117851
2035,0.071588,0.012553,0.136665
2036,0.082241,0.012111,0.151123
2037,0.093898,0.017655,0.165412
2038,0.093949,0.016767,0.167629
2039,0.085920,0.013314,0.141139
2040,0.057867,0.008260,0.107269
2041,0.089628,0.016493,0.170411
2042,0.078472,0.011149,0.140821
2043,0.078185,0.012929,0.151293
2044,0.067115,0.010149,0.142792
2045,0.105300,0.023335,0.194210
2046,0.077863,0.011660,0.146746
2047,0.072909,0.010337,0.137762
2048,0.073556,0.011338,0.135832
2049,0.093877,0.020061,0.170202
2050,0.070823,0.009274,0.134878
2051,0.092304,0.015702,0.173750
2052,0.094345,0.015591,0.143362
2053,0.070130,0.011129,0.128741
2054,0.094018,0.018647,0.166388
2055,0.073418,0.010063,0.137320
2056,0.048438,0.005954,0.092939
2057,0.081156,0.012291,0.139598
2058,0.073496,0.010513,0.142364
2059,0.081862,0.013393,0.160467
2060,0.099608,0.017891,0.181349
2061,0.091486,0.013737,0.145198
2062,0.079633,0.012223,0.147234
2063,0.051406,0.007771,0.099437
2064,0.086013,0.013748,0.158328
2065,0.060938,0.008252,0.118851
2066,0.055398,0.007340,0.103431
2067,0.064073,0.010314,0.119992
2068,0.067093,0.010162,0.132768
2069,0.080192,0.013953,0.141034
2070,0.059681,0.008315,0.122116
2071,0.100567,0.020812,0.176551
2072,0.067778,0.009780,0.125858
2073,0.072540,0.011251,0.126973
2074,0.057476,0.008685,0.106199
2075,0.077266,0.011654,0.143899
2076,0.078313,0.011538,0.142604
2077,0.073025,0.009827,0.140454
2078,0.060879,0.007169,0.114559
2079,0.057404,0.007531,0.116795
2080,0.075200,0.010790,0.141730
2081,0.066967,0.010851,0.130378
2082,0.074928,0.009891,0.124779
2083,0.095186,0.017899,0.177546
2084,0.044464,0.005321,0.087720
2085,0.067650,0.009640,0.129095
2086,0.077358,0.011434,0.145857
2087,0.047341,0.006475,0.093144
2088,0.056057,0.007241,0.112030
2089,0.066268,0.010248,0.110812
2090,0.088380,0.013722,0.133176
2091,0.068388,0.010304,0.124401
2092,0.065741,0.009913,0.119666
2093,0.080078,0.011955,0.157414
2094,0.060160,0.008189,0.111563
2095,0.049242,0.006629,0.091095
2096,0.078412,0.014143,0.144429
2097,0.064699,0.008094,0.128779
2098,0.080077,0.012431,0.158980
2099,0.092300,0.018753,0.158481
2100,0.076637,0.011301,0.142113
2101,0.086351,0.015370,0.164362
2102,0.073912,0.010912,0.148110
2103,0.061954,0.008277,0.110878
2104,0.084897,0.013551,0.161228
2105,0.048693,0.006304,0.098164
2106,0.081144,0.012266,0.157190
2107,0.066190,0.011757,0.124456
2108,0.076381,0.013046,0.149342
2109,0.057530,0.008510,0.110236
2110,0.075541,0.012229,0.141050
2111,0.110291,0.023634,0.195194
2112,0.088399,0.013126,0.138743
2113,0.067417,0.009419,0.127711
2114,0.053487,0.007848,0.093870
2115,0.070450,0.011982,0.124946
2116,0.074102,0.011928,0.139132
2117,0.093358,0.013816,0.135614
2118,0.052695,0.006609,0.094742
2119,0.101722,0.019975,0.181135
2120,0.070212,0.009963,0.133991
2121,0.071788,0.010465,0.145399
2122,0.104527,0.021193,0.189308
2123,0.067679,0.011550,0.126550
2124,0.070297,0.011375,0.146706
2125,0.095317,0.014509,0.141799
2126,0.077450,0.013708,0.142841
2127,0.044206,0.005245,0.086798
2128,0.083990,0.015433,0.158749
2129,0.069823,0.009150,0.134045
2130,0.068597,0.009853,0.125816
2131,0.083147,0.013151,0.157445
2132,0.080292,0.014497,0.149200
2133,0.044844,0.005122,0.086182
2134,0.068585,0.012320,0.129371
2135,0.085460,0.013792,0.153275
2136,0.051571,0.006695,0.097196
2137,0.079753,0.011578,0.135469
2138,0.050894,0.007296,0.097364
2139,0.052327,0.006684,0.105232
2140,0.077249,0.012847,0.158256
2141,0.067329,0.010720,0.116861
2142,0.052859,0.008404,0.099593
2143,0.068129,0.009456,0.139104
2144,0.076039,0.010623,0.142970
2145,0.078912,0.011228,0.139961
2146,0.061350,0.007298,0.111312
2147,0.066624,0.011389,0.127812
2148,0.069313,0.009411,0.140050
2149,0.089951,0.016092,0.160625
2150,0.089753,0.015413,0.162629
2151,0.073861,0.010287,0.129221
2152,0.052561,0.007296,0.100071
2153,0.084799,0.014684,0.162016
2154,0.069082,0.009159,0.130236
2155,0.063018,0.007722,0.121081
2156,0.069453,0.010749,0.144469
2157,0.095999,0.020920,0.182695
2158,0.084087,0.013106,0.144967
2159,0.076138,0.010461,0.137195
2160,0.071083,0.010642,0.132459
2161,0.091941,0.019146,0.166479
2162,0.080220,0.011305,0.133532
2163,0.093160,0.015491,0.171596
2164,0.074697,0.009989,0.125134
2165,0.068181,0.010390,0.130829
2166,0.085772,0.016030,0.162215
2167,0.071893,0.009589,0.130913
2168,0.045849,0.005472,0.088647
2169,0.082449,0.012230,0.138135
2170,0.076244,0.010985,0.144049
2171,0.075813,0.011803,0.152299
2172,0.094655,0.016616,0.174424
2173,0.080622,0.011251,0.138301
2174,0.073721,0.011611,0.133349
2175,0.049085,0.006875,0.096178
2176,0.090143,0.014876,0.158479
2177,0.061562,0.008319,0.118696
2178,0.053764,0.006864,0.101118
2179,0.062169,0.009768,0.117580
2180,0.066020,0.009767,0.130445
2181,0.078416,0.013544,0.139428
2182,0.058229,0.007880,0.119354
2183,0.094529,0.018597,0.168739
2184,0.063409,0.008982,0.122881
2185,0.068137,0.010697,0.120852
2186,0.056187,0.008262,0.103300
2187,0.069322,0.010118,0.125720
2188,0.074593,0.010641,0.137403
2189,0.068765,0.009046,0.134733
2190,0.066156,0.008375,0.116899
2191,0.056068,0.007189,0.115273
2192,0.067924,0.009205,0.135413
2193,0.064413,0.010200,0.126573
2194,0.067222,0.008605,0.120194
2195,0.088388,0.016123,0.167178
2196,0.042841,0.004931,0.085313
2197,0.065896,0.009349,0.122380
2198,0.077770,0.011237,0.143648
2199,0.050481,0.006495,0.094463
2200,0.052330,0.006618,0.106798
2201,0.065975,0.010057,0.109906
2202,0.076867,0.009667,0.123305
2203,0.058035,0.008365,0.109040
2204,0.062087,0.009230,0.113303
2205,0.076048,0.011062,0.150852
2206,0.057355,0.007576,0.107582
2207,0.054840,0.007761,0.093778
2208,0.074016,0.012611,0.143690
2209,0.061443,0.007515,0.119884
2210,0.077732,0.011661,0.155323
2211,0.090578,0.017710,0.154129
2212,0.074413,0.010593,0.136457
2213,0.080642,0.014196,0.145496
2214,0.069117,0.010014,0.143120
2215,0.061821,0.008132,0.109193
2216,0.079629,0.011942,0.155486
2217,0.046125,0.005806,0.094072
2218,0.075527,0.011291,0.149519
2219,0.068322,0.011041,0.134718
2220,0.070310,0.011734,0.141565
2221,0.061067,0.008770,0.114604
2222,0.071464,0.011519,0.133056
2223,0.102648,0.021552,0.185967
2224,0.073956,0.008924,0.115114
2225,0.063768,0.008661,0.123643
2226,0.055345,0.007916,0.094440
2227,0.071375,0.011217,0.126902
2228,0.077980,0.012785,0.142384
2229,0.077013,0.009880,0.122936
2230,0.046331,0.005610,0.086893
2231,0.094707,0.016986,0.174890
2232,0.068247,0.009542,0.130883
2233,0.068989,0.009731,0.141620
2234,0.100150,0.020007,0.186003
2235,0.064925,0.010875,0.121343
2236,0.067551,0.010552,0.142075
2237,0.104801,0.017215,0.150041
2238,0.073006,0.012659,0.144701
2239,0.042776,0.004880,0.084646
2240,0.081251,0.014193,0.152960
2241,0.068593,0.008805,0.130653
2242,0.092850,0.015666,0.141483
2243,0.081193,0.012125,0.151239
2244,0.076762,0.013237,0.154466
2245,0.043301,0.004874,0.083161
2246,0.067427,0.011746,0.121458
2247,0.077944,0.011926,0.145656
2248,0.046871,0.005980,0.091141
2249,0.074837,0.011066,0.131142
2250,0.048982,0.006752,0.094824
2251,0.050872,0.006335,0.102670
2252,0.076732,0.012630,0.154666
2253,0.066172,0.009662,0.114513
2254,0.050873,0.007924,0.097337
2255,0.064667,0.008624,0.133404
2256,0.075399,0.010396,0.139292
2257,0.084483,0.012469,0.146404
2258,0.098489,0.015987,0.140530
2259,0.063407,0.010806,0.122350
2260,0.067737,0.009162,0.135299
2261,0.084655,0.014477,0.153410
2262,0.083384,0.013438,0.154528
2263,0.073701,0.010073,0.124286
2264,0.051005,0.006921,0.096888
2265,0.080413,0.013489,0.154130
2266,0.067923,0.010233,0.135617
2267,0.069732,0.009053,0.126044
2268,0.068141,0.010317,0.141206
2269,0.094502,0.020042,0.179080
2270,0.075640,0.011024,0.140526
2271,0.070572,0.009678,0.130264
2272,0.064162,0.009329,0.117628
2273,0.086641,0.018206,0.159013
2274,0.069853,0.009213,0.128668
2275,0.086530,0.014363,0.164732
2276,0.097248,0.015025,0.140459
2277,0.068352,0.010596,0.123277
2278,0.079022,0.014249,0.152897
2279,0.072600,0.009824,0.137874
2280,0.045688,0.005338,0.087923
2281,0.068425,0.009222,0.124610
2282,0.065283,0.008671,0.133120
2283,0.070557,0.010462,0.144277
2284,0.104841,0.018579,0.181879
2285,0.093370,0.013919,0.142243
2286,0.070816,0.010810,0.128214
2287,0.046750,0.006478,0.092347
2288,0.092613,0.015145,0.157401
2289,0.059804,0.007939,0.116620
2290,0.053336,0.006644,0.100464
2291,0.058856,0.008938,0.111113
2292,0.064405,0.009386,0.128154
2293,0.074024,0.011620,0.137108
2294,0.056185,0.007455,0.116823
2295,0.090735,0.017147,0.162998
2296,0.060354,0.008432,0.113030
2297,0.066682,0.009706,0.118791
2298,0.052902,0.007394,0.101091
2299,0.066618,0.009501,0.120074
2300,0.065151,0.008967,0.128855
2301,0.065983,0.008370,0.130571
